{
    "stars": [
        {
            "ra_h": 2,
            "ra_m": 31,
            "ra_s": 48.704,
            "dec_h": 89,
            "dec_m": 15,
            "dec_s": 50.72,
            "name": "Polaris",
            "catalog_name": "FK5",
            "catalog_num": 907,
            "degoras_id": 907,
            "pm_ra": 0.1987700080871582,
            "pm_dec": -0.015199999809265136,
            "parallax": 0.003000000026077032,
            "rad_vel": -17.399999618530273,
            "Vmag": 2.0199999809265137
        },
        {
            "ra_h": 19,
            "ra_m": 50,
            "ra_s": 47.002,
            "dec_h": 8,
            "dec_m": 52,
            "dec_s": 6.03,
            "name": "Altair",
            "catalog_name": "FK5",
            "catalog_num": 745,
            "degoras_id": 745,
            "pm_ra": 0.03628999948501587,
            "pm_dec": 0.38630001068115233,
            "parallax": 0.1979999989271164,
            "rad_vel": -26.299999237060547,
            "Vmag": 0.7699999809265137
        }
    ]
}